personality,number,percentage
character fans,68,0.194285714285714
gamers,65,0.185714285714286
requesters,5,0.014285714285714
praisers,8,0.022857142857143
commenters,15,0.042857142857143
booers,1,0.002857142857143
